,4b. close (USD),5. volume,6. market cap (USD)
2022-04-14,0.72560000,3910414.00000000,3910414.00000000
2022-04-13,0.72320000,217937566.00000000,217937566.00000000
2022-04-12,0.71520000,263088987.00000000,263088987.00000000
2022-04-11,0.69480000,354459252.00000000,354459252.00000000
2022-04-10,0.75430000,123028708.00000000,123028708.00000000
2022-04-09,0.76220000,102131244.00000000,102131244.00000000
2022-04-08,0.75490000,210639194.00000000,210639194.00000000
2022-04-07,0.78710000,196211648.00000000,196211648.00000000
2022-04-06,0.75950000,348686323.00000000,348686323.00000000
2022-04-05,0.81640000,174779509.00000000,174779509.00000000
2022-04-04,0.82600000,216740017.00000000,216740017.00000000
2022-04-03,0.84320000,159520162.00000000,159520162.00000000
2022-04-02,0.82400000,210041825.00000000,210041825.00000000
2022-04-01,0.82770000,254001232.00000000,254001232.00000000
2022-03-31,0.81480000,366939277.00000000,366939277.00000000
2022-03-30,0.86130000,201046259.00000000,201046259.00000000
2022-03-29,0.85770000,264756291.00000000,264756291.00000000
2022-03-28,0.86410000,479199201.00000000,479199201.00000000
2022-03-27,0.85800000,198619688.00000000,198619688.00000000
2022-03-26,0.83270000,122433652.00000000,122433652.00000000
2022-03-25,0.82390000,214450998.00000000,214450998.00000000
2022-03-24,0.84280000,282122073.00000000,282122073.00000000
2022-03-23,0.83760000,235024475.00000000,235024475.00000000
2022-03-22,0.83660000,305184306.00000000,305184306.00000000
2022-03-21,0.83730000,316427663.00000000,316427663.00000000
2022-03-20,0.80570000,185090508.00000000,185090508.00000000
2022-03-19,0.81940000,248947590.00000000,248947590.00000000
2022-03-18,0.79650000,222661984.00000000,222661984.00000000
2022-03-17,0.79350000,264101320.00000000,264101320.00000000
2022-03-16,0.79190000,350641035.00000000,350641035.00000000
2022-03-15,0.76570000,243756136.00000000,243756136.00000000
2022-03-14,0.77480000,326606464.00000000,326606464.00000000
2022-03-13,0.76020000,311279578.00000000,311279578.00000000
2022-03-12,0.78570000,589059126.00000000,589059126.00000000
2022-03-11,0.80290000,526984782.00000000,526984782.00000000
2022-03-10,0.73610000,397777399.00000000,397777399.00000000
2022-03-09,0.76580000,397032109.00000000,397032109.00000000
2022-03-08,0.72070000,293421937.00000000,293421937.00000000
2022-03-07,0.71970000,496135240.00000000,496135240.00000000
2022-03-06,0.72510000,304732286.00000000,304732286.00000000
2022-03-05,0.75400000,358200609.00000000,358200609.00000000
2022-03-04,0.71270000,382831997.00000000,382831997.00000000
2022-03-03,0.75150000,339295156.00000000,339295156.00000000
2022-03-02,0.76870000,377602100.00000000,377602100.00000000
2022-03-01,0.78390000,392126769.00000000,392126769.00000000
2022-02-28,0.78090000,444617964.00000000,444617964.00000000
2022-02-27,0.72150000,441252224.00000000,441252224.00000000
2022-02-26,0.75080000,520451349.00000000,520451349.00000000
2022-02-25,0.76990000,557343038.00000000,557343038.00000000
2022-02-24,0.69630000,986343826.00000000,986343826.00000000
2022-02-23,0.69670000,438023003.00000000,438023003.00000000
2022-02-22,0.72090000,597541290.00000000,597541290.00000000
2022-02-21,0.70180000,621650777.00000000,621650777.00000000
2022-02-20,0.77690000,495454770.00000000,495454770.00000000
2022-02-19,0.82150000,492929500.00000000,492929500.00000000
2022-02-18,0.78400000,417945743.00000000,417945743.00000000
2022-02-17,0.76900000,375190546.00000000,375190546.00000000
2022-02-16,0.83660000,252745706.00000000,252745706.00000000
2022-02-15,0.85150000,279317316.00000000,279317316.00000000
2022-02-14,0.80120000,304006647.00000000,304006647.00000000
2022-02-13,0.80570000,351589704.00000000,351589704.00000000
2022-02-12,0.82230000,477906804.00000000,477906804.00000000
2022-02-11,0.75910000,482432190.00000000,482432190.00000000
2022-02-10,0.82530000,495010890.00000000,495010890.00000000
2022-02-09,0.86970000,626331950.00000000,626331950.00000000
2022-02-08,0.87630000,1048879447.00000000,1048879447.00000000
2022-02-07,0.83140000,640917209.00000000,640917209.00000000
2022-02-06,0.68250000,157303166.00000000,157303166.00000000
2022-02-05,0.66560000,310296779.00000000,310296779.00000000
2022-02-04,0.65550000,263927174.00000000,263927174.00000000
2022-02-03,0.61020000,168129675.00000000,168129675.00000000
2022-02-02,0.60060000,186608762.00000000,186608762.00000000
2022-02-01,0.62840000,174300620.00000000,174300620.00000000
2022-01-31,0.61740000,213749309.00000000,213749309.00000000
2022-01-30,0.60130000,146491081.00000000,146491081.00000000
2022-01-29,0.61740000,154572094.00000000,154572094.00000000
2022-01-28,0.61110000,221009653.00000000,221009653.00000000
2022-01-27,0.60880000,292543906.00000000,292543906.00000000
2022-01-26,0.61930000,466864710.00000000,466864710.00000000
2022-01-25,0.61800000,319618429.00000000,319618429.00000000
2022-01-24,0.61180000,513343471.00000000,513343471.00000000
2022-01-23,0.62830000,331234207.00000000,331234207.00000000
2022-01-22,0.59660000,769947907.12000000,769947907.12000000
2022-01-21,0.63680000,612944841.00000000,612944841.00000000
2022-01-20,0.71990000,205931050.00000000,205931050.00000000
2022-01-19,0.73810000,190555142.00000000,190555142.00000000
2022-01-18,0.75090000,188367099.00000000,188367099.00000000
2022-01-17,0.76170000,181653025.00000000,181653025.00000000
2022-01-16,0.77840000,125068081.00000000,125068081.00000000
2022-01-15,0.77910000,138443019.00000000,138443019.00000000
2022-01-14,0.77320000,221104212.00000000,221104212.00000000
2022-01-13,0.76800000,227833834.00000000,227833834.00000000
2022-01-12,0.79870000,295701910.00000000,295701910.00000000
2022-01-11,0.77030000,254065075.00000000,254065075.00000000
2022-01-10,0.73990000,313080154.00000000,313080154.00000000
2022-01-09,0.75300000,151521399.00000000,151521399.00000000
2022-01-08,0.74520000,253028571.00000000,253028571.00000000
2022-01-07,0.76340000,372926762.00000000,372926762.00000000
2022-01-06,0.77910000,307202277.00000000,307202277.00000000
2022-01-05,0.77260000,370612510.00000000,370612510.00000000
2022-01-04,0.82280000,214415744.00000000,214415744.00000000
2022-01-03,0.83240000,178618617.00000000,178618617.00000000
2022-01-02,0.85860000,129688032.00000000,129688032.00000000
2022-01-01,0.85070000,136976730.00000000,136976730.00000000
2021-12-31,0.82970000,239829934.00000000,239829934.00000000
2021-12-30,0.83860000,262671659.00000000,262671659.00000000
2021-12-29,0.81710000,306520880.00000000,306520880.00000000
2021-12-28,0.85150000,321266081.00000000,321266081.00000000
2021-12-27,0.92690000,236181913.00000000,236181913.00000000
2021-12-26,0.92000000,163438501.00000000,163438501.00000000
2021-12-25,0.92520000,250074945.00000000,250074945.00000000
2021-12-24,0.91150000,567234092.00000000,567234092.00000000
2021-12-23,0.99410000,479436230.00000000,479436230.00000000
2021-12-22,0.95370000,401407051.00000000,401407051.00000000
2021-12-21,0.94670000,471318013.00000000,471318013.00000000
2021-12-20,0.87980000,555435824.00000000,555435824.00000000
2021-12-19,0.83500000,163876270.00000000,163876270.00000000
2021-12-18,0.82620000,170671362.00000000,170671362.00000000
2021-12-17,0.79660000,260108143.00000000,260108143.00000000
2021-12-16,0.80510000,206133176.00000000,206133176.00000000
2021-12-15,0.82620000,354116180.00000000,354116180.00000000
2021-12-14,0.81030000,352693472.00000000,352693472.00000000
2021-12-13,0.78180000,378446930.00000000,378446930.00000000
2021-12-12,0.83930000,224450903.00000000,224450903.00000000
2021-12-11,0.83920000,284945414.00000000,284945414.00000000
2021-12-10,0.79920000,496512579.00000000,496512579.00000000
2021-12-09,0.85830000,684730305.00000000,684730305.00000000
2021-12-08,0.86220000,415004580.00000000,415004580.00000000
2021-12-07,0.81540000,319504545.00000000,319504545.00000000
2021-12-06,0.82550000,508644255.00000000,508644255.00000000
2021-12-05,0.80450000,518767360.00000000,518767360.00000000
2021-12-04,0.84490000,1357965897.03999996,1357965897.03999996
2021-12-03,0.92110000,297172193.00000000,297172193.00000000
2021-12-02,0.97160000,213172250.00000000,213172250.00000000
2021-12-01,0.98990000,250291608.00000000,250291608.00000000
2021-11-30,0.99830000,340017409.00000000,340017409.00000000
2021-11-29,0.98980000,303393405.00000000,303393405.00000000
2021-11-28,0.96870000,336336729.00000000,336336729.00000000
2021-11-27,0.94520000,224846313.00000000,224846313.00000000
2021-11-26,0.93940000,659982617.00000000,659982617.00000000
2021-11-25,1.04380000,312211526.00000000,312211526.00000000
2021-11-24,1.03260000,344750680.00000000,344750680.00000000
2021-11-23,1.06610000,341407597.00000000,341407597.00000000
2021-11-22,1.03540000,307140428.00000000,307140428.00000000
2021-11-21,1.05690000,228064131.00000000,228064131.00000000
2021-11-20,1.09650000,251779916.00000000,251779916.00000000
2021-11-19,1.08920000,349087574.00000000,349087574.00000000
2021-11-18,1.04060000,698664651.00000000,698664651.00000000
2021-11-17,1.09530000,383487232.00000000,383487232.00000000
2021-11-16,1.08770000,599544174.00000000,599544174.00000000
2021-11-15,1.17200000,266793400.00000000,266793400.00000000
2021-11-14,1.18790000,192023307.00000000,192023307.00000000
2021-11-13,1.18920000,240083101.00000000,240083101.00000000
2021-11-12,1.18830000,446863355.00000000,446863355.00000000
2021-11-11,1.21420000,475284132.00000000,475284132.00000000
2021-11-10,1.19020000,932520826.00000000,932520826.00000000
2021-11-09,1.25710000,465127517.00000000,465127517.00000000
2021-11-08,1.28150000,606055941.00000000,606055941.00000000
2021-11-07,1.21980000,371235010.00000000,371235010.00000000
2021-11-06,1.15100000,260339849.00000000,260339849.00000000
2021-11-05,1.15810000,318649692.00000000,318649692.00000000
2021-11-04,1.20040000,553456246.00000000,553456246.00000000
2021-11-03,1.21010000,838803472.00000000,838803472.00000000
2021-11-02,1.13490000,398377412.00000000,398377412.00000000
2021-11-01,1.09150000,381430430.00000000,381430430.00000000
2021-10-31,1.11280000,659007943.00000000,659007943.00000000
2021-10-30,1.08460000,372223050.00000000,372223050.00000000
2021-10-29,1.08250000,357777322.00000000,357777322.00000000
2021-10-28,1.05790000,686113717.00000000,686113717.00000000
2021-10-27,0.99500000,914728059.00000000,914728059.00000000
2021-10-26,1.10750000,439499263.00000000,439499263.00000000
2021-10-25,1.09510000,218666074.00000000,218666074.00000000
2021-10-24,1.08210000,234286648.00000000,234286648.00000000
2021-10-23,1.09340000,189644449.00000000,189644449.00000000
2021-10-22,1.08850000,333619107.00000000,333619107.00000000
2021-10-21,1.08860000,442288500.00000000,442288500.00000000
2021-10-20,1.14550000,346122480.00000000,346122480.00000000
2021-10-19,1.09110000,235324664.00000000,235324664.00000000
2021-10-18,1.08270000,321174243.00000000,321174243.00000000
2021-10-17,1.09440000,384414867.00000000,384414867.00000000
2021-10-16,1.13430000,339530696.00000000,339530696.00000000
2021-10-15,1.14130000,573654581.00000000,573654581.00000000
2021-10-14,1.13360000,353714419.00000000,353714419.00000000
2021-10-13,1.12750000,403291632.00000000,403291632.00000000
2021-10-12,1.10180000,455399313.00000000,455399313.00000000
2021-10-11,1.13640000,429676031.00000000,429676031.00000000
2021-10-10,1.13520000,647048690.00000000,647048690.00000000
2021-10-09,1.16040000,678027224.72000003,678027224.72000003
2021-10-08,1.06360000,335486636.00000000,335486636.00000000
2021-10-07,1.06780000,410868906.00000000,410868906.00000000
2021-10-06,1.07650000,509214129.00000000,509214129.00000000
2021-10-05,1.08390000,429469278.00000000,429469278.00000000
2021-10-04,1.04250000,416467677.00000000,416467677.00000000
2021-10-03,1.05520000,410176280.00000000,410176280.00000000
2021-10-02,1.03590000,398398944.00000000,398398944.00000000
2021-10-01,1.04220000,644378881.00000000,644378881.00000000
2021-09-30,0.95330000,332911904.00000000,332911904.00000000
2021-09-29,0.92680000,459660796.00000000,459660796.00000000
2021-09-28,0.89280000,313521537.00000000,313521537.00000000
2021-09-27,0.92180000,350234819.00000000,350234819.00000000
2021-09-26,0.94360000,384081774.00000000,384081774.00000000
2021-09-25,0.94000000,347043937.00000000,347043937.00000000
2021-09-24,0.94400000,605329486.00000000,605329486.00000000
2021-09-23,1.00160000,409673892.00000000,409673892.00000000
2021-09-22,1.00330000,606417695.00000000,606417695.00000000
2021-09-21,0.87430000,632313366.80999994,632313366.80999994
2021-09-20,0.92160000,837287959.74000001,837287959.74000001
2021-09-19,1.04830000,211015299.00000000,211015299.00000000
2021-09-18,1.07510000,195352031.00000000,195352031.00000000
2021-09-17,1.06610000,297933223.00000000,297933223.00000000
2021-09-16,1.09020000,302954441.00000000,302954441.00000000
2021-09-15,1.12070000,289063987.00000000,289063987.00000000
2021-09-14,1.09630000,275908113.00000000,275908113.00000000
2021-09-13,1.06430000,510682363.00000000,510682363.00000000
2021-09-12,1.11810000,324049191.00000000,324049191.00000000
2021-09-11,1.07870000,336502704.00000000,336502704.00000000
2021-09-10,1.05520000,901671116.00000000,901671116.00000000
2021-09-09,1.08680000,604426508.00000000,604426508.00000000
2021-09-08,1.09980000,794455994.00000000,794455994.00000000
2021-09-07,1.12920000,1297978123.89000010,1297978123.89000010
2021-09-06,1.38940000,710855257.91999996,710855257.91999996
2021-09-05,1.30760000,335187953.00000000,335187953.00000000
2021-09-04,1.25480000,355870711.00000000,355870711.00000000
2021-09-03,1.29070000,526413570.06999999,526413570.06999999
2021-09-02,1.25330000,501596506.81999999,501596506.81999999
2021-09-01,1.23620000,469917987.00000000,469917987.00000000
2021-08-31,1.18560000,709823003.29999995,709823003.29999995
2021-08-30,1.10020000,364996870.00000000,364996870.00000000
2021-08-29,1.14080000,313294895.00000000,313294895.00000000
2021-08-28,1.14590000,314618250.82999998,314618250.82999998
2021-08-27,1.19180000,565739468.35000002,565739468.35000002
2021-08-26,1.07120000,569965192.91999996,569965192.91999996
2021-08-25,1.17350000,530858362.99000001,530858362.99000001
2021-08-24,1.13530000,637760055.92999995,637760055.92999995
2021-08-23,1.24570000,661403795.74000001,661403795.74000001
2021-08-22,1.22600000,360176161.72000003,360176161.72000003
2021-08-21,1.21580000,394160040.57999998,394160040.57999998
2021-08-20,1.26290000,594584554.00999999,594584554.00999999
2021-08-19,1.23470000,723276976.28999996,723276976.28999996
2021-08-18,1.14310000,870414538.25999999,870414538.25999999
2021-08-17,1.09780000,893360572.36000001,893360572.36000001
2021-08-16,1.18550000,912003805.45000005,912003805.45000005
2021-08-15,1.28390000,1155282513.71000004,1155282513.71000004
2021-08-14,1.27910000,1408060485.31999993,1408060485.31999993
2021-08-13,1.09010000,674407528.30999994,674407528.30999994
2021-08-12,0.96600000,990869466.08000004,990869466.08000004
2021-08-11,1.01050000,1131344973.99000001,1131344973.99000001
2021-08-10,0.85110000,503252613.20999998,503252613.20999998
2021-08-09,0.81700000,474908832.07999998,474908832.07999998
2021-08-08,0.77880000,556138875.76999998,556138875.76999998
2021-08-07,0.81620000,589624594.72000003,589624594.72000003
2021-08-06,0.74740000,304988991.92000002,304988991.92000002
2021-08-05,0.73270000,331894003.58999997,331894003.58999997
2021-08-04,0.73100000,330543019.02999997,330543019.02999997
2021-08-03,0.71360000,398158150.61000001,398158150.61000001
2021-08-02,0.73800000,410656081.94000000,410656081.94000000
2021-08-01,0.72420000,469477766.36000001,469477766.36000001
2021-07-31,0.74600000,377281828.25000000,377281828.25000000
2021-07-30,0.75210000,604445794.89999998,604445794.89999998
2021-07-29,0.74880000,513356476.87000000,513356476.87000000
2021-07-28,0.73270000,1172622702.03999996,1172622702.03999996
2021-07-27,0.64510000,427078091.94999999,427078091.94999999
2021-07-26,0.62340000,803413949.17999995,803413949.17999995
2021-07-25,0.60690000,259034501.15000001,259034501.15000001
2021-07-24,0.60850000,319684922.30000001,319684922.30000001
2021-07-23,0.60910000,359561806.43000001,359561806.43000001
2021-07-22,0.59200000,409238764.36000001,409238764.36000001
2021-07-21,0.57190000,493423679.61000001,493423679.61000001
2021-07-20,0.52840000,393704657.61000001,393704657.61000001
2021-07-19,0.55700000,294780945.06999999,294780945.06999999
2021-07-18,0.58660000,241849135.65000001,241849135.65000001
2021-07-17,0.58210000,263418042.13999999,263418042.13999999
2021-07-16,0.58930000,282511701.88999999,282511701.88999999
2021-07-15,0.59790000,339655984.05000001,339655984.05000001
2021-07-14,0.61970000,352306488.75999999,352306488.75999999
2021-07-13,0.61920000,315648113.80000001,315648113.80000001
2021-07-12,0.62880000,356848391.95999998,356848391.95999998
2021-07-11,0.63640000,201320995.41999999,201320995.41999999
2021-07-10,0.62460000,279711260.06000000,279711260.06000000
2021-07-09,0.63690000,358836803.69000000,358836803.69000000
2021-07-08,0.62150000,430925669.18000001,430925669.18000001
2021-07-07,0.65220000,284356433.42000002,284356433.42000002
2021-07-06,0.66480000,356111895.88999999,356111895.88999999
2021-07-05,0.65260000,407839477.88000000,407839477.88000000
2021-07-04,0.69600000,334071078.77999997,334071078.77999997
2021-07-03,0.67320000,329367273.74000001,329367273.74000001
2021-07-02,0.65560000,387562387.58999997,387562387.58999997
2021-07-01,0.65910000,463328799.27999997,463328799.27999997
2021-06-30,0.70630000,634287485.14999998,634287485.14999998
2021-06-29,0.70630000,718445315.26999998,718445315.26999998
2021-06-28,0.64440000,460033268.30000001,460033268.30000001
2021-06-27,0.64840000,472483880.76999998,472483880.76999998
2021-06-26,0.61620000,548990505.59000003,548990505.59000003
2021-06-25,0.61110000,795450033.45000005,795450033.45000005
2021-06-24,0.67310000,633338243.15999997,633338243.15999997
2021-06-23,0.63830000,1167774271.66000009,1167774271.66000009
2021-06-22,0.54680000,1611548012.73000002,1611548012.73000002
2021-06-21,0.60670000,1073284195.87000000,1073284195.87000000
2021-06-20,0.77410000,589364804.51999998,589364804.51999998
2021-06-19,0.75820000,317290687.13000000,317290687.13000000
2021-06-18,0.79720000,389494745.88999999,389494745.88999999
2021-06-17,0.84190000,315642616.20999998,315642616.20999998
2021-06-16,0.83200000,380134518.73000002,380134518.73000002
2021-06-15,0.86630000,367733719.97000003,367733719.97000003
2021-06-14,0.89060000,441724628.57999998,441724628.57999998
2021-06-13,0.88320000,344882480.06000000,344882480.06000000
2021-06-12,0.83260000,375425465.13000000,375425465.13000000
2021-06-11,0.84710000,384826199.06999999,384826199.06999999
2021-06-10,0.86860000,592646634.42999995,592646634.42999995
2021-06-09,0.92180000,798994471.70000005,798994471.70000005
2021-06-08,0.87310000,989287175.64999998,989287175.64999998
2021-06-07,0.86180000,673906993.46000004,673906993.46000004
2021-06-06,0.94700000,395443235.74000001,395443235.74000001
2021-06-05,0.92300000,621966894.79999995,621966894.79999995
2021-06-04,0.96830000,814525376.25999999,814525376.25999999
2021-06-03,1.04500000,701176435.11000001,701176435.11000001
2021-06-02,1.02410000,673790276.51999998,673790276.51999998
2021-06-01,1.01080000,1130390772.84999990,1130390772.84999990
2021-05-31,1.04090000,1221688769.45000005,1221688769.45000005
2021-05-30,0.90580000,837581783.29999995,837581783.29999995
2021-05-29,0.83180000,980984330.41999996,980984330.41999996
2021-05-28,0.89850000,1220369622.05999994,1220369622.05999994
2021-05-27,0.97470000,997129594.41999996,997129594.41999996
2021-05-26,1.03160000,1160288119.63000011,1160288119.63000011
2021-05-25,0.97460000,1654728049.91000009,1654728049.91000009
2021-05-24,0.99300000,1613054853.94000006,1613054853.94000006
2021-05-23,0.78980000,1976494217.20000005,1976494217.20000005
2021-05-22,0.90520000,1478148766.91000009,1478148766.91000009
2021-05-21,1.00620000,1813489499.17000008,1813489499.17000008
2021-05-20,1.17950000,1974341688.46000004,1974341688.46000004
2021-05-19,1.05680000,3180237280.28999996,3180237280.28999996
2021-05-18,1.58890000,1813933407.63000011,1813933407.63000011
2021-05-17,1.49460000,1560737399.70000005,1560737399.70000005
2021-05-16,1.44960000,1498147985.65000010,1498147985.65000010
2021-05-15,1.49040000,1495464769.51999998,1495464769.51999998
2021-05-14,1.40000000,772801586.75999999,772801586.75999999
2021-05-13,1.36400000,1308704814.36999989,1308704814.36999989
2021-05-12,1.26910000,1028881609.00000000,1028881609.00000000
2021-05-11,1.47860000,724101053.88999999,724101053.88999999
2021-05-10,1.39060000,1154086820.04999995,1154086820.04999995
2021-05-09,1.53450000,726954201.32000005,726954201.32000005
2021-05-08,1.56110000,514586255.38000000,514586255.38000000
2021-05-07,1.57930000,894697893.66999996,894697893.66999996
2021-05-06,1.60280000,1507415092.60999990,1507415092.60999990
2021-05-05,1.61330000,1261641294.96000004,1261641294.96000004
2021-05-04,1.38770000,1375223308.72000003,1375223308.72000003
2021-05-03,1.55460000,670988111.67999995,670988111.67999995
2021-05-02,1.56050000,602425194.38999999,602425194.38999999
2021-05-01,1.65100000,701328204.71000004,701328204.71000004
2021-04-30,1.59880000,1429394131.01999998,1429394131.01999998
2021-04-29,1.39780000,824625421.08000004,824625421.08000004
2021-04-28,1.35760000,1092879174.17000008,1092879174.17000008
2021-04-27,1.40170000,1510880106.81999993,1510880106.81999993
2021-04-26,1.36290000,1871916062.93000007,1871916062.93000007
2021-04-25,1.03510000,1026066203.51999998,1026066203.51999998
2021-04-24,1.04833000,1120813592.20000005,1120813592.20000005
2021-04-23,1.17073000,2651341963.50000000,2651341963.50000000
2021-04-22,1.15489000,1771540957.59999990,1771540957.59999990
2021-04-21,1.29097000,1301403506.40000010,1301403506.40000010
2021-04-20,1.38501000,1522196293.50000000,1522196293.50000000
2021-04-19,1.30945000,1608073829.40000010,1608073829.40000010
2021-04-18,1.40797000,2048345301.59999990,2048345301.59999990
2021-04-17,1.53896000,1108826379.50000000,1108826379.50000000
2021-04-16,1.54805000,1805450664.79999995,1805450664.79999995
2021-04-15,1.75781000,1124377879.59999990,1124377879.59999990
2021-04-14,1.83468000,2119704174.50000000,2119704174.50000000
2021-04-13,1.79611000,2515240116.42000008,2515240116.42000008
2021-04-12,1.46843000,1129501823.79999995,1129501823.79999995
2021-04-11,1.35118000,1972667902.40000010,1972667902.40000010
2021-04-10,1.37280000,2713439019.67999983,2713439019.67999983
2021-04-09,1.01721000,964539570.10000002,964539570.10000002
2021-04-08,1.05599000,1232242484.40000010,1232242484.40000010
2021-04-07,0.91542000,2128341583.90000010,2128341583.90000010
2021-04-06,1.09663000,4053245753.09000015,4053245753.09000015
2021-04-05,0.91584000,3325470561.46999979,3325470561.46999979
2021-04-04,0.63500000,664457346.20000005,664457346.20000005
2021-04-03,0.57831000,991064844.79999995,991064844.79999995
2021-04-02,0.60701000,800475396.39999998,800475396.39999998
2021-04-01,0.57087000,710919375.00000000,710919375.00000000
2021-03-31,0.56982000,666984204.29999995,666984204.29999995
2021-03-30,0.56210000,574769642.50000000,574769642.50000000
2021-03-29,0.56538000,534252547.30000001,534252547.30000001
2021-03-28,0.54552000,341522011.50000000,341522011.50000000
2021-03-27,0.54752000,455498717.69999999,455498717.69999999
2021-03-26,0.56357000,737749968.50000000,737749968.50000000
2021-03-25,0.51058000,914285330.60000002,914285330.60000002
2021-03-24,0.48021000,894167588.10000002,894167588.10000002
2021-03-23,0.54980000,1094151403.29999995,1094151403.29999995
2021-03-22,0.54410000,1648699048.00000000,1648699048.00000000
2021-03-21,0.51651000,879573341.29999995,879573341.29999995
2021-03-20,0.52613000,1164006494.70000005,1164006494.70000005
2021-03-19,0.46651000,336947303.50000000,336947303.50000000
2021-03-18,0.46893000,555296456.60000002,555296456.60000002
2021-03-17,0.46980000,564997453.70000005,564997453.70000005
2021-03-16,0.46024000,1446818353.79999995,1446818353.79999995
2021-03-15,0.43574000,531041051.89999998,531041051.89999998
2021-03-14,0.43905000,415693265.60000002,415693265.60000002
2021-03-13,0.45787000,547809975.20000005,547809975.20000005
2021-03-12,0.43934000,665250842.70000005,665250842.70000005
2021-03-11,0.45187000,535040848.19999999,535040848.19999999
2021-03-10,0.46155000,597205849.70000005,597205849.70000005
2021-03-09,0.48490000,495494329.00000000,495494329.00000000
2021-03-08,0.47412000,680852595.89999998,680852595.89999998
2021-03-07,0.46558000,325973214.89999998,325973214.89999998
2021-03-06,0.46285000,365972027.50000000,365972027.50000000
2021-03-05,0.45457000,751282004.70000005,751282004.70000005
2021-03-04,0.48096000,1244989352.00000000,1244989352.00000000
2021-03-03,0.44846000,642007609.00000000,642007609.00000000
2021-03-02,0.43570000,645438020.00000000,645438020.00000000
2021-03-01,0.44537000,600649056.60000002,600649056.60000002
2021-02-28,0.41565000,674797992.79999995,674797992.79999995
2021-02-27,0.43589000,612147484.79999995,612147484.79999995
2021-02-26,0.42788000,908467259.50000000,908467259.50000000
2021-02-25,0.43601000,709823716.20000005,709823716.20000005
2021-02-24,0.46860000,984714285.39999998,984714285.39999998
2021-02-23,0.47579000,2563543339.59999990,2563543339.59999990
2021-02-22,0.56646000,3572076523.40000010,3572076523.40000010
2021-02-21,0.54468000,1017475385.10000002,1017475385.10000002
2021-02-20,0.51167000,1247480282.20000005,1247480282.20000005
2021-02-19,0.56465000,1130348604.29999995,1130348604.29999995
2021-02-18,0.53204000,761631484.10000002,761631484.10000002
2021-02-17,0.53467000,908599648.50000000,908599648.50000000
2021-02-16,0.51995000,1153641290.09999990,1153641290.09999990
2021-02-15,0.54976000,1222510382.90000010,1222510382.90000010
2021-02-14,0.59211000,1010016902.29999995,1010016902.29999995
2021-02-13,0.63309000,1595483419.29999995,1595483419.29999995
2021-02-12,0.60900000,1672053608.29999995,1672053608.29999995
2021-02-11,0.52806000,961402272.20000005,961402272.20000005
2021-02-10,0.50429000,2024774430.59999990,2024774430.59999990
2021-02-09,0.47636000,1273716203.29999995,1273716203.29999995
2021-02-08,0.45099000,1149266957.29999995,1149266957.29999995
2021-02-07,0.41849000,1141620049.09999990,1141620049.09999990
2021-02-06,0.44307000,875771045.89999998,875771045.89999998
2021-02-05,0.45219000,1545115910.29999995,1545115910.29999995
2021-02-04,0.44545000,2283530912.59999990,2283530912.59999990
2021-02-03,0.39721000,1388316884.00000000,1388316884.00000000
2021-02-02,0.37254000,2091912007.79999995,2091912007.79999995
2021-02-01,0.37106000,8608358082.60000038,8608358082.60000038
2021-01-31,0.49507000,4524657686.80000019,4524657686.80000019
2021-01-30,0.44372000,5872830448.00000000,5872830448.00000000
2021-01-29,0.28290000,1695844598.79999995,1695844598.79999995
2021-01-28,0.26407000,496218434.00000000,496218434.00000000
2021-01-27,0.25039000,468085255.10000002,468085255.10000002
2021-01-26,0.26834000,383692292.10000002,383692292.10000002
2021-01-25,0.26757000,483145818.39999998,483145818.39999998
2021-01-24,0.27339000,353391385.89999998,353391385.89999998
2021-01-23,0.27167000,446546595.39999998,446546595.39999998
2021-01-22,0.27217000,799861140.29999995,799861140.29999995
2021-01-21,0.26802000,908284050.20000005,908284050.20000005
2021-01-20,0.29539000,850365454.50000000,850365454.50000000
2021-01-19,0.29396000,1267033309.59999990,1267033309.59999990
2021-01-18,0.28528000,536544377.10000002,536544377.10000002
2021-01-17,0.27746000,543053977.79999995,543053977.79999995
2021-01-16,0.27924000,749907244.39999998,749907244.39999998
2021-01-15,0.27991000,844991903.50000000,844991903.50000000
2021-01-14,0.29642000,887903603.50000000,887903603.50000000
2021-01-13,0.30582000,764981853.89999998,764981853.89999998
2021-01-12,0.29254000,1100343591.00000000,1100343591.00000000
2021-01-11,0.28743000,1963655151.79999995,1963655151.79999995
2021-01-10,0.31491000,1717325406.40000010,1717325406.40000010
2021-01-09,0.32419000,1177910308.90000010,1177910308.90000010
2021-01-08,0.32032000,2029015562.50000000,2029015562.50000000
2021-01-07,0.32389000,3863585524.30000019,3863585524.30000019
2021-01-06,0.24854000,1776262975.40000010,1776262975.40000010
2021-01-05,0.22573000,1184439077.09999990,1184439077.09999990
2021-01-04,0.23565000,1518296110.40000010,1518296110.40000010
2021-01-03,0.22540000,1178158964.40000010,1178158964.40000010
2021-01-02,0.22064000,1134029208.29999995,1134029208.29999995
2021-01-01,0.23746000,1490489727.40000010,1490489727.40000010
2020-12-31,0.21959000,1391876889.90000010,1391876889.90000010
2020-12-30,0.21138000,2578637039.09999990,2578637039.09999990
2020-12-29,0.22142000,4215576309.19999981,4215576309.19999981
2020-12-28,0.24845000,1547274302.20000005,1547274302.20000005
2020-12-27,0.28407000,1453625832.00000000,1453625832.00000000
2020-12-26,0.29481000,1685723998.70000005,1685723998.70000005
2020-12-25,0.31768000,3342216004.00000000,3342216004.00000000
2020-12-24,0.33863000,3822010234.69999981,3822010234.69999981
2020-12-23,0.26050000,4553848887.39999962,4553848887.39999962
2020-12-22,0.44642000,1509931701.20000005,1509931701.20000005
2020-12-21,0.51445000,593235772.10000002,593235772.10000002
2020-12-20,0.55586000,544352722.10000002,544352722.10000002
2020-12-19,0.57666000,614731783.60000002,614731783.60000002
2020-12-18,0.58337000,970255895.50000000,970255895.50000000
2020-12-17,0.57690000,1801379927.59999990,1801379927.59999990
2020-12-16,0.56941000,1249912571.20000005,1249912571.20000005
2020-12-15,0.46793000,514053464.10000002,514053464.10000002
2020-12-14,0.49740000,375701995.00000000,375701995.00000000
2020-12-13,0.51365000,602985171.89999998,602985171.89999998
2020-12-12,0.50658000,997933196.60000002,997933196.60000002
2020-12-11,0.54945000,952325951.70000005,952325951.70000005
2020-12-10,0.57267000,558676539.10000002,558676539.10000002
2020-12-09,0.58265000,927273510.29999995,927273510.29999995
2020-12-08,0.55890000,500942717.00000000,500942717.00000000
2020-12-07,0.60818000,386644252.10000002,386644252.10000002
2020-12-06,0.62107000,639023167.70000005,639023167.70000005
2020-12-05,0.58517000,432888774.10000002,432888774.10000002
2020-12-04,0.55367000,662141348.00000000,662141348.00000000
2020-12-03,0.63046000,392655662.89999998,392655662.89999998
2020-12-02,0.62972000,593876086.79999995,593876086.79999995
2020-12-01,0.61088000,1075049125.00000000,1075049125.00000000
2020-11-30,0.66417000,1178919882.29999995,1178919882.29999995
2020-11-29,0.60543000,857628664.79999995,857628664.79999995
2020-11-28,0.62579000,1276241318.50000000,1276241318.50000000
2020-11-27,0.56230000,1241200699.59999990,1241200699.59999990
2020-11-26,0.53654000,2334291327.19999981,2334291327.19999981
2020-11-25,0.63022000,1690578550.20000005,1690578550.20000005
2020-11-24,0.69400000,2884741162.09999990,2884741162.09999990
2020-11-23,0.61579000,1851054399.59999990,1851054399.59999990
2020-11-22,0.44611000,1873986909.79999995,1873986909.79999995
2020-11-21,0.46283000,1667089858.09999990,1667089858.09999990
2020-11-20,0.32991000,484828433.30000001,484828433.30000001
2020-11-19,0.30358000,361076482.19999999,361076482.19999999
2020-11-18,0.29335000,488657752.69999999,488657752.69999999
2020-11-17,0.30247000,529073040.69999999,529073040.69999999
2020-11-16,0.28813000,321242912.30000001,321242912.30000001
2020-11-15,0.26954000,224828544.80000001,224828544.80000001
2020-11-14,0.26824000,319194414.60000002,319194414.60000002
2020-11-13,0.26590000,193021203.09999999,193021203.09999999
2020-11-12,0.25490000,139776053.69999999,139776053.69999999
2020-11-11,0.25581000,155421758.59999999,155421758.59999999
2020-11-10,0.25380000,250018160.40000001,250018160.40000001
2020-11-09,0.25059000,161129039.00000000,161129039.00000000
2020-11-08,0.25374000,119757768.59999999,119757768.59999999
2020-11-07,0.24910000,263707018.00000000,263707018.00000000
2020-11-06,0.25863000,289253502.69999999,289253502.69999999
2020-11-05,0.24561000,220616913.30000001,220616913.30000001
2020-11-04,0.23758000,175258053.09999999,175258053.09999999
2020-11-03,0.23960000,213624345.80000001,213624345.80000001
2020-11-02,0.23523000,130300920.09999999,130300920.09999999
2020-11-01,0.23999000,64775047.60000000,64775047.60000000
2020-10-31,0.23968000,84576060.90000001,84576060.90000001
2020-10-30,0.23905000,133423159.80000000,133423159.80000000
2020-10-29,0.24239000,127858202.59999999,127858202.59999999
2020-10-28,0.24540000,152758067.19999999,152758067.19999999
2020-10-27,0.25273000,125197460.40000001,125197460.40000001
2020-10-26,0.24810000,153008505.90000001,153008505.90000001
2020-10-25,0.25313000,70096933.80000000,70096933.80000000
2020-10-24,0.25620000,71861131.80000000,71861131.80000000
2020-10-23,0.25471000,145732428.50000000,145732428.50000000
2020-10-22,0.25709000,262479836.09999999,262479836.09999999
2020-10-21,0.25088000,213403919.30000001,213403919.30000001
2020-10-20,0.24322000,142586108.19999999,142586108.19999999
2020-10-19,0.24558000,144261234.69999999,144261234.69999999
2020-10-18,0.24221000,59622713.20000000,59622713.20000000
2020-10-17,0.24057000,76204228.70000000,76204228.70000000
2020-10-16,0.24011000,149640393.00000000,149640393.00000000
2020-10-15,0.24596000,157801611.00000000,157801611.00000000
2020-10-14,0.24906000,200090976.69999999,200090976.69999999
2020-10-13,0.25650000,232496747.40000001,232496747.40000001
2020-10-12,0.25603000,225658413.59999999,225658413.59999999
2020-10-11,0.25544000,129208149.40000001,129208149.40000001
2020-10-10,0.25402000,165954957.19999999,165954957.19999999
2020-10-09,0.25293000,192476557.59999999,192476557.59999999
2020-10-08,0.25141000,197900153.09999999,197900153.09999999
2020-10-07,0.24870000,177097434.19999999,177097434.19999999
2020-10-06,0.24545000,378003616.39999998,378003616.39999998
2020-10-05,0.25030000,228844024.40000001,228844024.40000001
2020-10-04,0.24794000,157014929.50000000,157014929.50000000
2020-10-03,0.23273000,59902666.50000000,59902666.50000000
2020-10-02,0.23386000,146884020.30000001,146884020.30000001
2020-10-01,0.23819000,127335773.70000000,127335773.70000000
2020-09-30,0.24171000,101266167.80000000,101266167.80000000
2020-09-29,0.24285000,109204653.30000000,109204653.30000000
2020-09-28,0.24107000,121590934.40000001,121590934.40000001
2020-09-27,0.24334000,91772023.90000001,91772023.90000001
2020-09-26,0.24153000,113365429.59999999,113365429.59999999
2020-09-25,0.24154000,146717481.09999999,146717481.09999999
2020-09-24,0.23276000,173682650.69999999,173682650.69999999
2020-09-23,0.22164000,148246113.40000001,148246113.40000001
2020-09-22,0.23302000,113084575.20000000,113084575.20000000
2020-09-21,0.23102000,232559544.30000001,232559544.30000001
2020-09-20,0.24652000,100830684.40000001,100830684.40000001
2020-09-19,0.25112000,94380999.09999999,94380999.09999999
2020-09-18,0.25065000,123918267.59999999,123918267.59999999
2020-09-17,0.25214000,195903905.09999999,195903905.09999999
2020-09-16,0.24686000,155437121.50000000,155437121.50000000
2020-09-15,0.24331000,123397806.30000000,123397806.30000000
2020-09-14,0.24564000,128679809.90000001,128679809.90000001
2020-09-13,0.24218000,134508183.69999999,134508183.69999999
2020-09-12,0.24752000,90026751.20000000,90026751.20000000
2020-09-11,0.24252000,102995486.80000000,102995486.80000000
2020-09-10,0.24302000,150794017.69999999,150794017.69999999
2020-09-09,0.23901000,120931648.70000000,120931648.70000000
2020-09-08,0.23657000,185386436.09999999,185386436.09999999
2020-09-07,0.24198000,217149074.30000001,217149074.30000001
2020-09-06,0.23986000,245971020.19999999,245971020.19999999
2020-09-05,0.23738000,343014820.30000001,343014820.30000001
2020-09-04,0.25385000,347276927.60000002,347276927.60000002
2020-09-03,0.24409000,375303316.19999999,375303316.19999999
2020-09-02,0.27595000,367857288.89999998,367857288.89999998
2020-09-01,0.29521000,292160051.60000002,292160051.60000002
2020-08-31,0.28115000,164541572.90000001,164541572.90000001
2020-08-30,0.28302000,157541548.00000000,157541548.00000000
2020-08-29,0.27380000,120917456.40000001,120917456.40000001
2020-08-28,0.27174000,161315866.69999999,161315866.69999999
2020-08-27,0.26469000,271350415.89999998,271350415.89999998
2020-08-26,0.27653000,153029000.50000000,153029000.50000000
2020-08-25,0.27625000,234190707.50000000,234190707.50000000
2020-08-24,0.28840000,163849857.19999999,163849857.19999999
2020-08-23,0.28480000,147758018.40000001,147758018.40000001
2020-08-22,0.28592000,200686126.80000001,200686126.80000001
2020-08-21,0.27933000,295142831.10000002,295142831.10000002
2020-08-20,0.29218000,217335773.00000000,217335773.00000000
2020-08-19,0.28975000,390658603.19999999,390658603.19999999
2020-08-18,0.30251000,406775389.69999999,406775389.69999999
2020-08-17,0.31539000,598471473.50000000,598471473.50000000
2020-08-16,0.30455000,272817352.50000000,272817352.50000000
2020-08-15,0.29884000,323612283.19999999,323612283.19999999
2020-08-14,0.29995000,419013955.80000001,419013955.80000001
2020-08-13,0.29420000,343559052.19999999,343559052.19999999
2020-08-12,0.28233000,301659248.80000001,301659248.80000001
2020-08-11,0.28310000,454328410.00000000,454328410.00000000
2020-08-10,0.29469000,357730182.00000000,357730182.00000000
2020-08-09,0.28790000,194741043.19999999,194741043.19999999
2020-08-08,0.29527000,180632239.19999999,180632239.19999999
2020-08-07,0.29437000,350058017.30000001,350058017.30000001
2020-08-06,0.30311000,315511639.89999998,315511639.89999998
2020-08-05,0.30228000,377922454.80000001,377922454.80000001
2020-08-04,0.30138000,523509311.00000000,523509311.00000000
2020-08-03,0.31016000,661998402.39999998,661998402.39999998
2020-08-02,0.28803000,1089709098.70000005,1089709098.70000005
2020-08-01,0.29089000,698526256.70000005,698526256.70000005
2020-07-31,0.25939000,295712939.10000002,295712939.10000002
2020-07-30,0.24408000,339560922.19999999,339560922.19999999
2020-07-29,0.24327000,423604274.80000001,423604274.80000001
2020-07-28,0.23029000,348097855.60000002,348097855.60000002
2020-07-27,0.22437000,358365289.19999999,358365289.19999999
2020-07-26,0.21532000,277074358.00000000,277074358.00000000
2020-07-25,0.21463000,237958032.69999999,237958032.69999999
2020-07-24,0.20392000,162043579.90000001,162043579.90000001
2020-07-23,0.20851000,231892970.40000001,231892970.40000001
2020-07-22,0.20348000,127274412.30000000,127274412.30000000
2020-07-21,0.19949000,116436628.09999999,116436628.09999999
2020-07-20,0.19465000,114187102.00000000,114187102.00000000
2020-07-19,0.19956000,117946275.30000000,117946275.30000000
2020-07-18,0.19990000,125668578.90000001,125668578.90000001
2020-07-17,0.19440000,119390267.70000000,119390267.70000000
2020-07-16,0.19444000,154403446.09999999,154403446.09999999
2020-07-15,0.19721000,97567941.80000000,97567941.80000000
2020-07-14,0.19909000,126120726.20000000,126120726.20000000
2020-07-13,0.19867000,210692216.40000001,210692216.40000001
2020-07-12,0.20128000,123496702.09999999,123496702.09999999
2020-07-11,0.20110000,171252017.59999999,171252017.59999999
2020-07-10,0.19909000,212898090.09999999,212898090.09999999
2020-07-09,0.20263000,366287583.80000001,366287583.80000001
2020-07-08,0.20551000,340558574.10000002,340558574.10000002
2020-07-07,0.18508000,119136986.09999999,119136986.09999999
2020-07-06,0.18875000,180480180.59999999,180480180.59999999
2020-07-05,0.17695000,109028272.50000000,109028272.50000000
2020-07-04,0.17808000,101070772.20000000,101070772.20000000
2020-07-03,0.17620000,93559429.80000000,93559429.80000000
2020-07-02,0.17477000,109348977.70000000,109348977.70000000
2020-07-01,0.17647000,96697381.80000000,96697381.80000000
2020-06-30,0.17533000,63769127.00000000,63769127.00000000
2020-06-29,0.17726000,108091794.80000000,108091794.80000000
2020-06-28,0.17693000,79916984.59999999,79916984.59999999
2020-06-27,0.17509000,100119859.40000001,100119859.40000001
2020-06-26,0.18249000,134171894.09999999,134171894.09999999
2020-06-25,0.18156000,83471401.80000000,83471401.80000000
2020-06-24,0.18348000,99814387.30000000,99814387.30000000
2020-06-23,0.18889000,80442337.30000000,80442337.30000000
2020-06-22,0.18928000,121678902.80000000,121678902.80000000
2020-06-21,0.18602000,66591992.60000000,66591992.60000000
2020-06-20,0.18792000,65244804.20000000,65244804.20000000
2020-06-19,0.18722000,101395871.00000000,101395871.00000000
2020-06-18,0.18975000,83020048.80000000,83020048.80000000
2020-06-17,0.19315000,143789678.40000001,143789678.40000001
2020-06-16,0.19238000,76442039.80000000,76442039.80000000
2020-06-15,0.19238000,130419971.50000000,130419971.50000000
2020-06-14,0.19022000,58429094.70000000,58429094.70000000
2020-06-13,0.19234000,63292600.90000000,63292600.90000000
2020-06-12,0.19307000,75546910.50000000,75546910.50000000
2020-06-11,0.18817000,132263967.70000000,132263967.70000000
2020-06-10,0.20266000,75706855.20000000,75706855.20000000
2020-06-09,0.20127000,81665800.90000001,81665800.90000001
2020-06-08,0.20403000,63036054.20000000,63036054.20000000
2020-06-07,0.20329000,93329744.20000000,93329744.20000000
2020-06-06,0.20361000,79279154.80000000,79279154.80000000
2020-06-05,0.20274000,98700901.50000000,98700901.50000000
2020-06-04,0.20427000,126378226.80000000,126378226.80000000
2020-06-03,0.20410000,102410983.80000000,102410983.80000000
2020-06-02,0.20301000,203819088.30000001,203819088.30000001
2020-06-01,0.21100000,157851522.00000000,157851522.00000000
2020-05-31,0.20245000,180118253.59999999,180118253.59999999
2020-05-30,0.20701000,155426836.00000000,155426836.00000000
2020-05-29,0.19759000,98632638.40000001,98632638.40000001
2020-05-28,0.20052000,110627844.20000000,110627844.20000000
2020-05-27,0.19791000,99410860.40000001,99410860.40000001
2020-05-26,0.19372000,91454592.20000000,91454592.20000000
2020-05-25,0.19622000,96947010.80000000,96947010.80000000
2020-05-24,0.19256000,88708243.70000000,88708243.70000000
2020-05-23,0.19883000,88342183.59999999,88342183.59999999
2020-05-22,0.20034000,134747810.59999999,134747810.59999999
2020-05-21,0.19434000,119870681.59999999,119870681.59999999
2020-05-20,0.20179000,106603358.09999999,106603358.09999999
2020-05-19,0.20496000,99600289.00000000,99600289.00000000
2020-05-18,0.20543000,129797461.70000000,129797461.70000000
2020-05-17,0.20131000,85924995.00000000,85924995.00000000
2020-05-16,0.19969000,94327453.00000000,94327453.00000000
2020-05-15,0.19818000,142260472.90000001,142260472.90000001
2020-05-14,0.20386000,123608208.00000000,123608208.00000000
2020-05-13,0.20177000,95212470.09999999,95212470.09999999
2020-05-12,0.19711000,120759033.70000000,120759033.70000000
2020-05-11,0.19254000,188926069.19999999,188926069.19999999
2020-05-10,0.19702000,310627388.10000002,310627388.10000002
2020-05-09,0.21642000,159019230.09999999,159019230.09999999
2020-05-08,0.21865000,133922204.40000001,133922204.40000001
2020-05-07,0.21862000,175859218.00000000,175859218.00000000
2020-05-06,0.21158000,131362572.40000001,131362572.40000001
2020-05-05,0.21688000,106925948.70000000,106925948.70000000
2020-05-04,0.21776000,166756745.30000001,166756745.30000001
2020-05-03,0.21936000,111226961.59999999,111226961.59999999
2020-05-02,0.22369000,119932182.70000000,119932182.70000000
2020-05-01,0.21786000,160339801.00000000,160339801.00000000
2020-04-30,0.21135000,314088335.10000002,314088335.10000002
2020-04-29,0.22648000,292096742.30000001,292096742.30000001
2020-04-28,0.21416000,244843302.09999999,244843302.09999999
2020-04-27,0.19747000,104536714.30000000,104536714.30000000
2020-04-26,0.19618000,93225699.40000001,93225699.40000001
2020-04-25,0.19418000,78779257.09999999,78779257.09999999
2020-04-24,0.19325000,113830925.09999999,113830925.09999999
2020-04-23,0.19260000,179113808.30000001,179113808.30000001
2020-04-22,0.18804000,93916879.30000000,93916879.30000000
2020-04-21,0.18341000,111773322.90000001,111773322.90000001
2020-04-20,0.18151000,174028243.00000000,174028243.00000000
2020-04-19,0.18901000,89989794.30000000,89989794.30000000
2020-04-18,0.19544000,113765553.30000000,113765553.30000000
2020-04-17,0.18863000,91976842.00000000,91976842.00000000
2020-04-16,0.19053000,220290862.90000001,220290862.90000001
2020-04-15,0.18050000,121466630.09999999,121466630.09999999
2020-04-14,0.18613000,93684121.09999999,93684121.09999999
2020-04-13,0.18763000,158956441.40000001,158956441.40000001
2020-04-12,0.18939000,129786730.40000001,129786730.40000001
2020-04-11,0.18850000,100598265.90000001,100598265.90000001
2020-04-10,0.18758000,160752187.00000000,160752187.00000000
2020-04-09,0.19829000,104421253.80000000,104421253.80000000
2020-04-08,0.20192000,154841655.00000000,154841655.00000000
2020-04-07,0.19285000,271460619.00000000,271460619.00000000
2020-04-06,0.19803000,225433233.40000001,225433233.40000001
2020-04-05,0.17925000,83641306.30000000,83641306.30000000
2020-04-04,0.18114000,117148787.30000000,117148787.30000000
2020-04-03,0.17957000,170663444.50000000,170663444.50000000
2020-04-02,0.17828000,223398206.00000000,223398206.00000000
2020-04-01,0.17494000,184017110.90000001,184017110.90000001
2020-03-31,0.17353000,158613778.59999999,158613778.59999999
2020-03-30,0.17112000,181804091.30000001,181804091.30000001
2020-03-29,0.16278000,187119450.09999999,187119450.09999999
2020-03-28,0.17543000,308477933.89999998,308477933.89999998
2020-03-27,0.17269000,316147728.39999998,316147728.39999998
2020-03-26,0.17593000,206023274.90000001,206023274.90000001
2020-03-25,0.16168000,200584719.19999999,200584719.19999999
2020-03-24,0.16225000,250519379.80000001,250519379.80000001
2020-03-23,0.15854000,282036084.30000001,282036084.30000001
2020-03-22,0.14776000,221088260.90000001,221088260.90000001
2020-03-21,0.15797000,270014080.00000000,270014080.00000000
2020-03-20,0.15695000,511513197.80000001,511513197.80000001
2020-03-19,0.16460000,357277613.50000000,357277613.50000000
2020-03-18,0.14760000,233087384.90000001,233087384.90000001
2020-03-17,0.14694000,317550005.39999998,317550005.39999998
2020-03-16,0.14102000,534401535.89999998,534401535.89999998
2020-03-15,0.15308000,292888161.19999999,292888161.19999999
2020-03-14,0.14588000,317354167.39999998,317354167.39999998
2020-03-13,0.15872000,1234550066.79999995,1234550066.79999995
2020-03-12,0.13549000,771225355.39999998,771225355.39999998
2020-03-11,0.20813000,178652631.50000000,178652631.50000000
2020-03-10,0.21185000,182259714.80000001,182259714.80000001
2020-03-09,0.20952000,288610509.39999998,288610509.39999998
2020-03-08,0.20385000,271417418.60000002,271417418.60000002
2020-03-07,0.23622000,95845464.20000000,95845464.20000000
2020-03-06,0.24477000,116563269.59999999,116563269.59999999
2020-03-05,0.23909000,130944711.90000001,130944711.90000001
2020-03-04,0.23453000,92570643.50000000,92570643.50000000
2020-03-03,0.23428000,130633902.50000000,130633902.50000000
2020-03-02,0.23958000,138299654.59999999,138299654.59999999
2020-03-01,0.22696000,125219316.20000000,125219316.20000000
2020-02-29,0.22892000,104602134.20000000,104602134.20000000
2020-02-28,0.23663000,190843431.69999999,190843431.69999999
2020-02-27,0.23850000,250168249.90000001,250168249.90000001
2020-02-26,0.22915000,366105232.89999998,366105232.89999998
2020-02-25,0.25209000,209531989.30000001,209531989.30000001
2020-02-24,0.27040000,184354129.69999999,184354129.69999999
2020-02-23,0.28298000,134020545.90000001,134020545.90000001
2020-02-22,0.27468000,107040364.20000000,107040364.20000000
2020-02-21,0.27418000,175945123.90000001,175945123.90000001
2020-02-20,0.27090000,270623144.60000002,270623144.60000002
2020-02-19,0.27466000,219950638.90000001,219950638.90000001
2020-02-18,0.29827000,296854594.30000001,296854594.30000001
2020-02-17,0.28736000,354803561.00000000,354803561.00000000
2020-02-16,0.29224000,381819181.69999999,381819181.69999999
2020-02-15,0.30729000,397053085.50000000,397053085.50000000
2020-02-14,0.33594000,348251076.60000002,348251076.60000002
2020-02-13,0.32709000,684720941.89999998,684720941.89999998
2020-02-12,0.30427000,358543825.10000002,358543825.10000002
2020-02-11,0.28100000,150202084.80000001,150202084.80000001
2020-02-10,0.27338000,142780388.90000001,142780388.90000001
2020-02-09,0.28257000,151863434.09999999,151863434.09999999
2020-02-08,0.27735000,164832911.09999999,164832911.09999999
2020-02-07,0.27953000,158743853.50000000,158743853.50000000
2020-02-06,0.28325000,274932947.30000001,274932947.30000001
2020-02-05,0.27774000,309852829.80000001,309852829.80000001
2020-02-04,0.26737000,273001224.89999998,273001224.89999998
2020-02-03,0.25453000,168166882.09999999,168166882.09999999
2020-02-02,0.25093000,220101966.80000001,220101966.80000001
2020-02-01,0.24141000,78963550.59999999,78963550.59999999
2020-01-31,0.23946000,122494224.80000000,122494224.80000000
2020-01-30,0.24376000,162144624.00000000,162144624.00000000
2020-01-29,0.23539000,114643264.70000000,114643264.70000000
2020-01-28,0.23906000,157599522.50000000,157599522.50000000
2020-01-27,0.23077000,102966534.50000000,102966534.50000000
2020-01-26,0.23131000,79796120.00000000,79796120.00000000
2020-01-25,0.21946000,56806347.00000000,56806347.00000000
2020-01-24,0.22222000,121855078.50000000,121855078.50000000
2020-01-23,0.22586000,105762250.00000000,105762250.00000000
2020-01-22,0.23733000,84725853.40000001,84725853.40000001
2020-01-21,0.23726000,111913129.90000001,111913129.90000001
2020-01-20,0.23314000,115112776.40000001,115112776.40000001
2020-01-19,0.23558000,180887717.90000001,180887717.90000001
2020-01-18,0.24357000,206939203.80000001,206939203.80000001
2020-01-17,0.23921000,214368960.69999999,214368960.69999999
2020-01-16,0.22900000,140095581.90000001,140095581.90000001
2020-01-15,0.23367000,237606461.80000001,237606461.80000001
2020-01-14,0.23464000,301142541.50000000,301142541.50000000
2020-01-13,0.21134000,50959156.80000000,50959156.80000000
2020-01-12,0.21539000,70711714.40000001,70711714.40000001
2020-01-11,0.21121000,119237732.20000000,119237732.20000000
2020-01-10,0.21284000,145223181.50000000,145223181.50000000
2020-01-09,0.20373000,75492140.50000000,75492140.50000000
2020-01-08,0.20750000,148861801.30000001,148861801.30000001
2020-01-07,0.21335000,206449580.59999999,206449580.59999999
2020-01-06,0.22310000,234157239.19999999,234157239.19999999
2020-01-05,0.19453000,54356477.70000000,54356477.70000000
2020-01-04,0.19305000,34239655.40000000,34239655.40000000
2020-01-03,0.19338000,70390779.30000000,70390779.30000000
2020-01-02,0.18750000,47912105.60000000,47912105.60000000
2020-01-01,0.19305000,29773022.60000000,29773022.60000000
2019-12-31,0.19295000,40610029.30000000,40610029.30000000
2019-12-30,0.19326000,41924910.40000000,41924910.40000000
2019-12-29,0.19653000,49069370.30000000,49069370.30000000
2019-12-28,0.19320000,36743672.90000000,36743672.90000000
2019-12-27,0.19003000,34971243.80000000,34971243.80000000
2019-12-26,0.18923000,46612594.50000000,46612594.50000000
2019-12-25,0.18852000,39672557.20000000,39672557.20000000
2019-12-24,0.19077000,66325389.40000000,66325389.40000000
2019-12-23,0.18953000,94859486.59999999,94859486.59999999
2019-12-22,0.19649000,53300985.10000000,53300985.10000000
2019-12-21,0.19143000,57760061.00000000,57760061.00000000
2019-12-20,0.19521000,142835629.80000001,142835629.80000001
2019-12-19,0.18780000,89497528.30000000,89497528.30000000
2019-12-18,0.19573000,208259366.69999999,208259366.69999999
2019-12-17,0.18310000,262505370.50000000,262505370.50000000
2019-12-16,0.20550000,86445966.40000001,86445966.40000001
2019-12-15,0.21735000,26223163.50000000,26223163.50000000
2019-12-14,0.21605000,31455442.10000000,31455442.10000000
2019-12-13,0.22054000,51935733.10000000,51935733.10000000
2019-12-12,0.21837000,49354032.60000000,49354032.60000000
2019-12-11,0.22093000,26282978.30000000,26282978.30000000
2019-12-10,0.22256000,44719099.90000000,44719099.90000000
2019-12-09,0.22445000,53369564.50000000,53369564.50000000
2019-12-08,0.22909000,54256414.20000000,54256414.20000000
2019-12-07,0.22699000,46945345.80000000,46945345.80000000
2019-12-06,0.22546000,72738701.20000000,72738701.20000000
2019-12-05,0.22118000,93382862.70000000,93382862.70000000
2019-12-04,0.21390000,110743259.90000001,110743259.90000001
2019-12-03,0.21951000,34655745.60000000,34655745.60000000
2019-12-02,0.21914000,65856138.90000000,65856138.90000000
2019-12-01,0.22477000,61721844.70000000,61721844.70000000
2019-11-30,0.22550000,48634883.00000000,48634883.00000000
2019-11-29,0.22998000,59986942.50000000,59986942.50000000
2019-11-28,0.22313000,58823779.60000000,58823779.60000000
2019-11-27,0.22400000,119843833.40000001,119843833.40000001
2019-11-26,0.22060000,87574733.70000000,87574733.70000000
2019-11-25,0.21731000,227026861.80000001,227026861.80000001
2019-11-24,0.21989000,95589320.70000000,95589320.70000000
2019-11-23,0.23407000,86883225.50000000,86883225.50000000
2019-11-22,0.23000000,176993164.59999999,176993164.59999999
2019-11-21,0.24345000,113065484.50000000,113065484.50000000
2019-11-20,0.25014000,78924129.30000000,78924129.30000000
2019-11-19,0.25398000,87899568.30000000,87899568.30000000
2019-11-18,0.25179000,99156396.09999999,99156396.09999999
2019-11-17,0.26311000,52073288.40000000,52073288.40000000
2019-11-16,0.26218000,52279882.00000000,52279882.00000000
2019-11-15,0.26069000,111865363.40000001,111865363.40000001
2019-11-14,0.26795000,72326033.59999999,72326033.59999999
2019-11-13,0.27202000,52680673.10000000,52680673.10000000
2019-11-12,0.27222000,77851651.40000001,77851651.40000001
2019-11-11,0.27423000,69450589.50000000,69450589.50000000
2019-11-10,0.27894000,72586430.59999999,72586430.59999999
2019-11-09,0.27990000,62848374.80000000,62848374.80000000
2019-11-08,0.27547000,165657651.59999999,165657651.59999999
2019-11-07,0.29061000,235871367.30000001,235871367.30000001
2019-11-06,0.31009000,107581885.70000000,107581885.70000000
2019-11-05,0.30061000,107569775.09999999,107569775.09999999
2019-11-04,0.29863000,85410877.00000000,85410877.00000000
2019-11-03,0.29024000,69064994.59999999,69064994.59999999
2019-11-02,0.29456000,72552309.09999999,72552309.09999999
2019-11-01,0.29146000,85376671.80000000,85376671.80000000
2019-10-31,0.29452000,100846140.40000001,100846140.40000001
2019-10-30,0.29471000,117887579.09999999,117887579.09999999
2019-10-29,0.30192000,145791308.19999999,145791308.19999999
2019-10-28,0.29447000,134306597.09999999,134306597.09999999
2019-10-27,0.29818000,180544647.90000001,180544647.90000001
2019-10-26,0.29351000,270708034.10000002,270708034.10000002
2019-10-25,0.29829000,199230614.50000000,199230614.50000000
2019-10-24,0.27596000,99386341.09999999,99386341.09999999
2019-10-23,0.27306000,187716543.59999999,187716543.59999999
2019-10-22,0.29046000,102870808.00000000,102870808.00000000
2019-10-21,0.29187000,71906227.90000001,71906227.90000001
2019-10-20,0.29386000,111491956.50000000,111491956.50000000
2019-10-19,0.29145000,103575426.59999999,103575426.59999999
2019-10-18,0.29404000,133405177.20000000,133405177.20000000
2019-10-17,0.30167000,147918252.30000001,147918252.30000001
2019-10-16,0.28331000,109182836.20000000,109182836.20000000
2019-10-15,0.28859000,147821843.40000001,147821843.40000001
2019-10-14,0.29727000,151725088.00000000,151725088.00000000
2019-10-13,0.27726000,70808721.80000000,70808721.80000000
2019-10-12,0.27226000,57869923.40000000,57869923.40000000
2019-10-11,0.26743000,71539111.70000000,71539111.70000000
2019-10-10,0.27021000,80850590.70000000,80850590.70000000
2019-10-09,0.28082000,105865868.20000000,105865868.20000000
2019-10-08,0.27740000,121934629.70000000,121934629.70000000
2019-10-07,0.27592000,210990372.80000001,210990372.80000001
2019-10-06,0.25552000,63421400.10000000,63421400.10000000
2019-10-05,0.25325000,82519531.30000000,82519531.30000000
2019-10-04,0.25243000,90663663.40000001,90663663.40000001
2019-10-03,0.24674000,71409676.90000001,71409676.90000001
2019-10-02,0.25247000,97406245.20000000,97406245.20000000
2019-10-01,0.24788000,125393526.70000000,125393526.70000000
2019-09-30,0.25660000,156913857.00000000,156913857.00000000
2019-09-29,0.24024000,43877272.40000000,43877272.40000000
2019-09-28,0.24163000,45238244.90000000,45238244.90000000
2019-09-27,0.24208000,89138447.59999999,89138447.59999999
2019-09-26,0.24220000,125772838.70000000,125772838.70000000
2019-09-25,0.24570000,169757552.30000001,169757552.30000001
2019-09-24,0.23282000,302577184.10000002,302577184.10000002
2019-09-23,0.26786000,154408602.19999999,154408602.19999999
2019-09-22,0.27653000,117475940.30000000,117475940.30000000
2019-09-21,0.28961000,113934352.20000000,113934352.20000000
2019-09-20,0.29360000,159272561.59999999,159272561.59999999
2019-09-19,0.30062000,277316439.69999999,277316439.69999999
2019-09-18,0.31344000,300972127.89999998,300972127.89999998
2019-09-17,0.28561000,217381018.09999999,217381018.09999999
2019-09-16,0.26098000,44531031.70000000,44531031.70000000
2019-09-15,0.26022000,51661196.30000000,51661196.30000000
2019-09-14,0.26124000,70537163.59999999,70537163.59999999
2019-09-13,0.25520000,47599708.20000000,47599708.20000000
2019-09-12,0.25406000,58547444.60000000,58547444.60000000
2019-09-11,0.25519000,56043242.10000000,56043242.10000000
2019-09-10,0.25859000,61643971.40000000,61643971.40000000
2019-09-09,0.25855000,58537945.70000000,58537945.70000000
2019-09-08,0.26205000,65033003.60000000,65033003.60000000
2019-09-07,0.25993000,53971229.00000000,53971229.00000000
2019-09-06,0.25110000,63377736.50000000,63377736.50000000
2019-09-05,0.25617000,43270120.30000000,43270120.30000000
2019-09-04,0.25843000,49398294.20000000,49398294.20000000
2019-09-03,0.26242000,56305107.10000000,56305107.10000000
2019-09-02,0.26060000,60783394.60000000,60783394.60000000
2019-09-01,0.25593000,32881805.20000000,32881805.20000000
2019-08-31,0.25747000,36321425.50000000,36321425.50000000
2019-08-30,0.25539000,46587713.00000000,46587713.00000000
2019-08-29,0.25698000,74454641.40000001,74454641.40000001
2019-08-28,0.25629000,55448237.70000000,55448237.70000000
2019-08-27,0.26954000,34119040.90000000,34119040.90000000
2019-08-26,0.27051000,59046898.90000000,59046898.90000000
2019-08-25,0.26954000,45191941.20000000,45191941.20000000
2019-08-24,0.27137000,42809616.80000000,42809616.80000000
2019-08-23,0.27664000,45140229.60000000,45140229.60000000
2019-08-22,0.27039000,58263968.50000000,58263968.50000000
2019-08-21,0.26589000,60607962.30000000,60607962.30000000
2019-08-20,0.27432000,49280235.20000000,49280235.20000000
2019-08-19,0.28202000,69411983.50000000,69411983.50000000
2019-08-18,0.28320000,87006862.59999999,87006862.59999999
2019-08-17,0.26546000,56461024.90000000,56461024.90000000
2019-08-16,0.26047000,66289982.60000000,66289982.60000000
2019-08-15,0.26378000,72594115.09999999,72594115.09999999
2019-08-14,0.26353000,142518597.09999999,142518597.09999999
2019-08-13,0.29800000,32483448.90000000,32483448.90000000
2019-08-12,0.30060000,26440605.70000000,26440605.70000000
2019-08-11,0.30316000,36131805.20000000,36131805.20000000
2019-08-10,0.29918000,58253124.00000000,58253124.00000000
2019-08-09,0.29649000,57778056.40000000,57778056.40000000
2019-08-08,0.30825000,57294619.10000000,57294619.10000000
2019-08-07,0.31109000,60660819.00000000,60660819.00000000
2019-08-06,0.31160000,73359257.90000001,73359257.90000001
2019-08-05,0.32242000,86161482.00000000,86161482.00000000
2019-08-04,0.31813000,52990179.10000000,52990179.10000000
2019-08-03,0.31596000,39924755.20000000,39924755.20000000
2019-08-02,0.31178000,43108296.30000000,43108296.30000000
2019-08-01,0.31575000,46026847.50000000,46026847.50000000
2019-07-31,0.31959000,48948448.50000000,48948448.50000000
2019-07-30,0.31823000,52340164.10000000,52340164.10000000
2019-07-29,0.31004000,39176999.00000000,39176999.00000000
2019-07-28,0.31218000,42792457.70000000,42792457.70000000
2019-07-27,0.30965000,64056737.50000000,64056737.50000000
2019-07-26,0.32303000,55029583.80000000,55029583.80000000
2019-07-25,0.31335000,54892791.70000000,54892791.70000000
2019-07-24,0.31548000,67739907.80000000,67739907.80000000
2019-07-23,0.30891000,63905860.10000000,63905860.10000000
2019-07-22,0.32111000,64393272.50000000,64393272.50000000
2019-07-21,0.33075000,64040258.20000000,64040258.20000000
2019-07-20,0.33279000,84000903.40000001,84000903.40000001
